district,Democrat,Republican,Swing,Unknown,total_voters,republican_voters,democrat_voters,net_advantage_2026,net_advantage_pct_2026,rep_pct_2026,dem_pct_2026,advantage_2026
1,7072.0,117325.0,2294.0,0.0,126691.0,117325.0,7072.0,110253.0,87.02512412089256,92.60720966761649,5.582085546723919,Republican
2,638.0,119177.0,747.0,0.0,120562.0,119177.0,638.0,118539.0,98.322025182064,98.85121348351885,0.5291883014548531,Republican
3,180.0,33377.0,540.0,0.0,34097.0,33377.0,180.0,33197.0,97.36047159574156,97.88837727659325,0.5279056808516879,Republican
4,20964.0,38426.0,1762.0,0.0,61152.0,38426.0,20964.0,17462.0,28.55507587650445,62.83686551543695,34.281789638932494,Republican
5,614.0,50420.0,100.0,0.0,51134.0,50420.0,614.0,49806.0,97.40290217858958,98.60366879180194,1.200766613212344,Republican
6,16.0,7119.0,15.0,0.0,7150.0,7119.0,16.0,7103.0,99.34265734265735,99.56643356643356,0.22377622377622378,Republican
7,505.0,33366.0,214.0,0.0,34085.0,33366.0,505.0,32861.0,96.40897755610972,97.89056769840106,1.4815901422913305,Republican
8,800.0,67775.0,318.0,0.0,68893.0,67775.0,800.0,66975.0,97.21597259518383,98.37719361909048,1.1612210239066378,Republican
9,15678.0,179691.0,7250.0,0.0,202619.0,179691.0,15678.0,164013.0,80.94650551034206,88.68418065433153,7.737675143989459,Republican
10,0.0,0.0,0.0,0.0,0.0,0.0,0.0,0.0,0.0,0.0,0.0,Competitive
11,41.0,16313.0,36.0,0.0,16390.0,16313.0,41.0,16272.0,99.28004881025015,99.53020134228187,0.25015253203172666,Republican
12,32922.0,84995.0,3023.0,0.0,120940.0,84995.0,32922.0,52073.0,43.05688771291549,70.27865057053084,27.221762857615346,Republican
13,154.0,15790.0,1856.0,0.0,17800.0,15790.0,154.0,15636.0,87.84269662921348,88.70786516853933,0.8651685393258427,Republican
14,87078.0,234460.0,14925.0,0.0,336463.0,234460.0,87078.0,147382.0,43.803330529657046,69.68373937104526,25.88040884138821,Republican
15,45.0,6012.0,8.0,0.0,6065.0,6012.0,45.0,5967.0,98.38417147568012,99.12613355317394,0.741962077493817,Republican
16,160.0,48328.0,70.0,0.0,48558.0,48328.0,160.0,48168.0,99.19683677251946,99.52633963507557,0.3295028625561185,Republican
17,353.0,13734.0,360.0,0.0,14447.0,13734.0,353.0,13381.0,92.62130546134145,95.06471931888973,2.44341385754828,Republican
18,212.0,57436.0,207.0,0.0,57855.0,57436.0,212.0,57224.0,98.90934232132055,99.27577564601158,0.36643332469103795,Republican
19,4834.0,66389.0,270.0,0.0,71493.0,66389.0,4834.0,61555.0,86.09933839676611,92.86083952275048,6.7615011259843625,Republican
20,0.0,0.0,0.0,0.0,0.0,0.0,0.0,0.0,0.0,0.0,0.0,Competitive
21,2984.0,108441.0,4726.0,0.0,116151.0,108441.0,2984.0,105457.0,90.79301943160196,93.36208900482991,2.5690695732279534,Republican
22,20301.0,197983.0,8769.0,0.0,227053.0,197983.0,20301.0,177682.0,78.25573764715728,87.19682188740074,8.941084240243468,Republican
23,22627.0,123578.0,10653.0,0.0,156858.0,123578.0,22627.0,100951.0,64.35820933583241,78.78335819658545,14.425148860753037,Republican
24,13893.0,131245.0,2996.0,0.0,148134.0,131245.0,13893.0,117352.0,79.22016552580772,88.59883618885604,9.37867066304832,Republican
25,16743.0,91383.0,3569.0,0.0,111695.0,91383.0,16743.0,74640.0,66.82483548950266,81.81476341823716,14.9899279287345,Republican
26,23618.0,78644.0,25456.0,0.0,127718.0,78644.0,23618.0,55026.0,43.08398189761819,61.576285253449,18.492303355830813,Republican
27,128023.0,4024.0,5833.0,0.0,137880.0,4024.0,128023.0,-123999.0,-89.9325500435161,2.91847983753989,92.851029881056,Democrat
28,29284.0,91716.0,25300.0,0.0,146300.0,91716.0,29284.0,62432.0,42.67395762132604,62.69036226930964,20.016404647983595,Republican
29,4165.0,74854.0,1142.0,0.0,80161.0,74854.0,4165.0,70689.0,88.18378014246329,93.37957360811367,5.195793465650379,Republican
30,3066.0,81026.0,3433.0,0.0,87525.0,81026.0,3066.0,77960.0,89.07169380177092,92.5746929448729,3.502999143101971,Republican
31,8548.0,35174.0,129.0,0.0,43851.0,35174.0,8548.0,26626.0,60.71925383685662,80.21253791247635,19.493284075619712,Republican
32,60282.0,89415.0,3683.0,0.0,153380.0,89415.0,60282.0,29133.0,18.99400182553136,58.2963880558091,39.30238623027774,Republican
33,74431.0,211234.0,12344.0,0.0,298009.0,211234.0,74431.0,136803.0,45.9056605672983,70.8817518933992,24.97609132610089,Republican
34,190989.0,168949.0,21425.0,0.0,381363.0,168949.0,190989.0,-22040.0,-5.779270668628053,44.30136117032853,50.08063183895658,Democrat
35,146819.0,133965.0,4596.0,0.0,285380.0,133965.0,146819.0,-12854.0,-4.504169878758147,46.94267292732497,51.44684280608311,Democrat
36,203438.0,144905.0,5437.0,0.0,353780.0,144905.0,203438.0,-58533.0,-16.545027983492567,40.95907060885296,57.50409859234552,Democrat
37,11503.0,42632.0,275.0,0.0,54410.0,42632.0,11503.0,31129.0,57.21190957544569,78.353243888991,21.141334313545304,Republican
38,79.0,15596.0,46.0,0.0,15721.0,15596.0,79.0,15517.0,98.7023726226067,99.20488518542078,0.5025125628140703,Republican
39,231236.0,194766.0,6689.0,0.0,432691.0,194766.0,231236.0,-36470.0,-8.428647695468591,45.01272270511751,53.441370400586095,Democrat
40,172232.0,132627.0,3743.0,0.0,308602.0,132627.0,172232.0,-39605.0,-12.833682218520941,42.97671434404184,55.81039656256278,Democrat
41,238206.0,170001.0,6722.0,0.0,414929.0,170001.0,238206.0,-68205.0,-16.437752000944737,40.97110590004555,57.408857900990284,Democrat
42,0.0,0.0,0.0,0.0,0.0,0.0,0.0,0.0,0.0,0.0,0.0,Competitive
43,8001.0,24979.0,781.0,0.0,33761.0,24979.0,8001.0,16978.0,50.28879476318829,73.9877373300554,23.698942566867096,Republican
44,6474.0,112777.0,13554.0,0.0,132805.0,112777.0,6474.0,106303.0,80.04442603817627,84.91924249839991,4.874816460223636,Republican
45,125676.0,9546.0,13528.0,0.0,148750.0,9546.0,125676.0,-116130.0,-78.07058823529411,6.417478991596639,84.48806722689076,Democrat
46,239.0,28804.0,168.0,0.0,29211.0,28804.0,239.0,28565.0,97.78850433056041,98.60668926089487,0.818184930334463,Republican
47,0.0,0.0,0.0,0.0,0.0,0.0,0.0,0.0,0.0,0.0,0.0,Competitive
48,0.0,0.0,0.0,0.0,0.0,0.0,0.0,0.0,0.0,0.0,0.0,Competitive
49,336.0,54537.0,159.0,0.0,55032.0,54537.0,336.0,54201.0,98.48996947230702,99.10052333187963,0.6105538595726123,Republican
50,0.0,0.0,0.0,0.0,0.0,0.0,0.0,0.0,0.0,0.0,0.0,Competitive
51,66.0,10625.0,23.0,0.0,10714.0,10625.0,66.0,10559.0,98.55329475452679,99.16931118163151,0.6160164271047228,Republican
52,0.0,0.0,0.0,0.0,0.0,0.0,0.0,0.0,0.0,0.0,0.0,Competitive
53,48.0,11996.0,27.0,0.0,12071.0,11996.0,48.0,11948.0,98.98102891226908,99.37867616601773,0.3976472537486538,Republican
54,259.0,26114.0,22.0,0.0,26395.0,26114.0,259.0,25855.0,97.95415798446675,98.9354044326577,0.9812464481909453,Republican
55,96.0,13851.0,31.0,0.0,13978.0,13851.0,96.0,13755.0,98.40463585634569,99.09142938903992,0.6867935326942338,Republican
56,24.0,3371.0,18.0,0.0,3413.0,3371.0,24.0,3347.0,98.06621740404337,98.76941107530031,0.7031936712569586,Republican
57,30881.0,85834.0,18485.0,0.0,135200.0,85834.0,30881.0,54953.0,40.6457100591716,63.48668639053254,22.840976331360945,Republican
58,0.0,0.0,0.0,0.0,0.0,0.0,0.0,0.0,0.0,0.0,0.0,Competitive
59,0.0,0.0,0.0,0.0,0.0,0.0,0.0,0.0,0.0,0.0,0.0,Competitive
60,49.0,4791.0,58.0,0.0,4898.0,4791.0,49.0,4742.0,96.81502654144549,97.81543487137607,1.000408329930584,Republican
61,44428.0,98857.0,25154.0,0.0,168439.0,98857.0,44428.0,54429.0,32.313775313318175,58.69008958732835,26.376314274010177,Republican
62,357.0,35877.0,275.0,0.0,36509.0,35877.0,357.0,35520.0,97.29107891204909,98.26891999233067,0.9778410802815743,Republican
63,37195.0,79122.0,15416.0,0.0,131733.0,79122.0,37195.0,41927.0,31.82725664791662,60.06239894331716,28.235142295400546,Republican
64,38070.0,79613.0,7990.0,0.0,125673.0,79613.0,38070.0,41543.0,33.056424212042366,63.34932722223549,30.292903010193122,Republican
65,30811.0,97652.0,23478.0,0.0,151941.0,97652.0,30811.0,66841.0,43.99141772135236,64.2696836271974,20.278265905845032,Republican
66,40089.0,108465.0,27103.0,0.0,175657.0,108465.0,40089.0,68376.0,38.92586119539785,61.74817969110254,22.822318495704696,Republican
67,59220.0,142339.0,33619.0,0.0,235178.0,142339.0,59220.0,83119.0,35.34301677878033,60.523943566149896,25.180926787369568,Republican
68,166.0,57486.0,88.0,0.0,57740.0,57486.0,166.0,57320.0,99.27260131624523,99.56009698649116,0.28749567024593004,Republican
69,205.0,44959.0,328.0,0.0,45492.0,44959.0,205.0,44754.0,98.37773674492219,98.82836542688824,0.45062868196606,Republican
70,81521.0,110573.0,26280.0,0.0,218374.0,110573.0,81521.0,29052.0,13.303781585719912,50.63469094306099,37.33090935734108,Republican
71,311.0,97763.0,209.0,0.0,98283.0,97763.0,311.0,97452.0,99.15448246390525,99.47091562121628,0.3164331573110304,Republican
72,1847.0,87506.0,1612.0,0.0,90965.0,87506.0,1847.0,85659.0,94.16698730280876,96.19743857527621,2.0304512724674324,Republican
73,9214.0,161339.0,14190.0,0.0,184743.0,161339.0,9214.0,152125.0,82.344121292823,87.33159037148904,4.987469078666039,Republican
74,9103.0,7988.0,2215.0,0.0,19306.0,7988.0,9103.0,-1115.0,-5.7754066093442455,41.37573811250388,47.151144721848134,Democrat
75,4050.0,1158.0,1381.0,0.0,6589.0,1158.0,4050.0,-2892.0,-43.89133404158446,17.57474578843527,61.46607983001972,Democrat
76,90394.0,22181.0,11134.0,0.0,123709.0,22181.0,90394.0,-68213.0,-55.139884729486134,17.929980842137596,73.06986557162372,Democrat
77,28242.0,30466.0,8423.0,0.0,67131.0,30466.0,28242.0,2224.0,3.3129254740730807,45.38290804546335,42.06998257139027,Republican
78,30952.0,60214.0,11656.0,0.0,102822.0,60214.0,30952.0,29262.0,28.45889012079127,58.56139736632239,30.10250724553111,Republican
79,44204.0,24723.0,15479.0,0.0,84406.0,24723.0,44204.0,-19481.0,-23.080112788190412,29.290571760301397,52.37068454849181,Democrat
80,167.0,17819.0,83.0,0.0,18069.0,17819.0,167.0,17652.0,97.69217997675577,98.61641485417012,0.9242348774143561,Republican
81,6850.0,98881.0,949.0,0.0,106680.0,98881.0,6850.0,92031.0,86.26827896512937,92.68935133108361,6.421072365954256,Republican
82,5718.0,119607.0,642.0,0.0,125967.0,119607.0,5718.0,113889.0,90.41177451237229,94.95105861058849,4.539284098216199,Republican
83,2101.0,5115.0,16.0,0.0,7232.0,5115.0,2101.0,3014.0,41.67588495575221,70.72732300884957,29.051438053097346,Republican
84,5607.0,1370.0,39.0,0.0,7016.0,1370.0,5607.0,-4237.0,-60.390535917901936,19.52679589509692,79.91733181299885,Democrat
85,18612.0,87588.0,5159.0,0.0,111359.0,87588.0,18612.0,68976.0,61.9402113883925,78.65372354277606,16.71351215438357,Republican
86,348.0,101131.0,226.0,0.0,101705.0,101131.0,348.0,100783.0,99.09345656555725,99.43562263408879,0.3421660685315373,Republican
87,2113.0,63313.0,3182.0,0.0,68608.0,63313.0,2113.0,61200.0,89.20242537313433,92.2822411380597,3.0798157649253732,Republican
88,42.0,27221.0,41.0,0.0,27304.0,27221.0,42.0,27179.0,99.54219162027542,99.69601523586287,0.15382361558745972,Republican
89,32942.0,141745.0,35981.0,0.0,210668.0,141745.0,32942.0,108803.0,51.646666793248144,67.28359314181556,15.636926348567414,Republican
90,82172.0,7845.0,4662.0,0.0,94679.0,7845.0,82172.0,-74327.0,-78.504208958692,8.285892330928716,86.79010128962071,Democrat
91,12110.0,90153.0,14611.0,0.0,116874.0,90153.0,12110.0,78043.0,66.77533069801666,77.136916679501,10.361585981484334,Republican
92,61474.0,21220.0,10988.0,0.0,93682.0,21220.0,61474.0,-40254.0,-42.96876667876433,22.651096261821905,65.61986294058624,Democrat
93,29733.0,77748.0,31182.0,0.0,138663.0,77748.0,29733.0,48015.0,34.62711754397352,56.06975184439973,21.442634300426214,Republican
94,34863.0,60691.0,25332.0,0.0,120886.0,60691.0,34863.0,25828.0,21.3655841040319,50.205151961352016,28.83956785732012,Republican
95,99974.0,5035.0,2467.0,0.0,107476.0,5035.0,99974.0,-94939.0,-88.33507015519744,4.684766831664744,93.01983698686217,Democrat
96,47573.0,59951.0,23488.0,0.0,131012.0,59951.0,47573.0,12378.0,9.447989497145299,45.759930388056056,36.311940890910755,Republican
97,33753.0,78042.0,22693.0,0.0,134488.0,78042.0,33753.0,44289.0,32.93156266730117,58.02896912735709,25.097406460055915,Republican
98,13229.0,112051.0,14267.0,0.0,139547.0,112051.0,13229.0,98822.0,70.81628411932897,80.29624427612202,9.479960156793052,Republican
99,21410.0,81623.0,22494.0,0.0,125527.0,81623.0,21410.0,60213.0,47.968166211253354,65.0242577294128,17.056091518159437,Republican
100,89473.0,413.0,368.0,0.0,90254.0,413.0,89473.0,-89060.0,-98.67706694440136,0.4575974472045561,99.13466439160591,Democrat
101,103007.0,3860.0,2871.0,0.0,109738.0,3860.0,103007.0,-99147.0,-90.34883085166487,3.5174688804242833,93.86629973208915,Democrat
102,79373.0,6637.0,7802.0,0.0,93812.0,6637.0,79373.0,-72736.0,-77.53379098622779,7.07478787361958,84.60857885984736,Democrat
103,88438.0,3421.0,2595.0,0.0,94454.0,3421.0,88438.0,-85017.0,-90.00889321786266,3.621868846210854,93.63076206407351,Democrat
104,77691.0,8120.0,3472.0,0.0,89283.0,8120.0,77691.0,-69571.0,-77.9218888254203,9.094676478164935,87.01656530358522,Democrat
105,58605.0,16333.0,8358.0,0.0,83296.0,16333.0,58605.0,-42272.0,-50.749135612754515,19.608384556281212,70.35752016903572,Democrat
106,34894.0,95064.0,22107.0,0.0,152065.0,95064.0,34894.0,60170.0,39.56860553052971,62.51537171604248,22.946766185512775,Republican
107,66672.0,10154.0,6981.0,0.0,83807.0,10154.0,66672.0,-56518.0,-67.43828081186535,12.115933036619852,79.5542138484852,Democrat
108,89140.0,40041.0,17895.0,0.0,147076.0,40041.0,89140.0,-49099.0,-33.38342081644864,27.224700155021893,60.608120971470534,Democrat
109,111287.0,2700.0,2818.0,0.0,116805.0,2700.0,111287.0,-108587.0,-92.96434227986816,2.3115448824964684,95.27588716236463,Democrat
110,85812.0,1072.0,577.0,0.0,87461.0,1072.0,85812.0,-84740.0,-96.88889905214896,1.2256891643132368,98.1145882164622,Democrat
111,108392.0,2254.0,1747.0,0.0,112393.0,2254.0,108392.0,-106138.0,-94.43470678778928,2.0054629736727376,96.44016976146202,Democrat
112,77565.0,31098.0,23160.0,0.0,131823.0,31098.0,77565.0,-46467.0,-35.249539154775725,23.590723925263422,58.84026308003914,Democrat
113,86711.0,9815.0,10967.0,0.0,107493.0,9815.0,86711.0,-76896.0,-71.5358209371773,9.130827123626654,80.66664806080396,Democrat
114,116777.0,1734.0,1747.0,0.0,120258.0,1734.0,116777.0,-115043.0,-95.66349016281661,1.441899915182358,97.10539007799896,Democrat
115,86153.0,15868.0,11546.0,0.0,113567.0,15868.0,86153.0,-70285.0,-61.88857678727096,13.972368733875157,75.8609455211461,Democrat
116,103352.0,9602.0,12414.0,0.0,125368.0,9602.0,103352.0,-93750.0,-74.77984812711378,7.659051751643163,82.43889987875694,Democrat
117,121335.0,5670.0,6450.0,0.0,133455.0,5670.0,121335.0,-115665.0,-86.66966393166236,4.248623131392605,90.91828706305496,Democrat
118,90404.0,31092.0,17821.0,0.0,139317.0,31092.0,90404.0,-59312.0,-42.573411715727445,22.31744869613902,64.89086041186646,Democrat
119,113513.0,16684.0,9832.0,0.0,140029.0,16684.0,113513.0,-96829.0,-69.14924765584271,11.914674817359261,81.06392247320198,Democrat
120,103902.0,9413.0,7606.0,0.0,120921.0,9413.0,103902.0,-94489.0,-78.14110038785654,7.784421233698034,85.92552162155457,Democrat
121,49812.0,71783.0,35255.0,0.0,156850.0,71783.0,49812.0,21971.0,14.007650621613005,45.76538093720115,31.75773031558814,Republican
122,52095.0,94254.0,24659.0,0.0,171008.0,94254.0,52095.0,42159.0,24.65323259730539,55.116719685628745,30.463487088323355,Republican
123,103077.0,15684.0,11278.0,0.0,130039.0,15684.0,103077.0,-87393.0,-67.20522304847007,12.060997085489737,79.2662201339598,Democrat
124,101644.0,3128.0,3279.0,0.0,108051.0,3128.0,101644.0,-98516.0,-91.17546343856142,2.894929246374397,94.07039268493583,Democrat
125,111998.0,12051.0,16544.0,0.0,140593.0,12051.0,111998.0,-99947.0,-71.0895990554295,8.571550503936896,79.6611495593664,Democrat
126,50867.0,91936.0,22911.0,0.0,165714.0,91936.0,50867.0,41069.0,24.783059970793055,55.47871634261439,30.69565637182133,Republican
127,70533.0,87685.0,21940.0,0.0,180158.0,87685.0,70533.0,17152.0,9.520531977486428,48.671166420586374,39.150634443099946,Republican
128,62068.0,121731.0,21812.0,0.0,205611.0,121731.0,62068.0,59663.0,29.017416383364704,59.204517268044995,30.187100884680294,Republican
129,110286.0,114395.0,23223.0,0.0,247904.0,114395.0,110286.0,4109.0,1.657496450238802,46.144878662708145,44.48738221246934,Republican
130,76603.0,147166.0,25825.0,0.0,249594.0,147166.0,76603.0,70563.0,28.271112286353038,58.96215453897129,30.69104225261825,Republican
131,145665.0,46733.0,11578.0,0.0,203976.0,46733.0,145665.0,-98932.0,-48.50178452366945,22.911028748480213,71.41281327214966,Democrat
132,82422.0,69060.0,33200.0,0.0,184682.0,69060.0,82422.0,-13362.0,-7.23513932056183,37.394006995809015,44.62914631637084,Democrat
133,118794.0,128450.0,21839.0,0.0,269083.0,128450.0,118794.0,9656.0,3.5884838507077745,47.73620035453745,44.14771650382968,Republican
134,221676.0,69475.0,19927.0,0.0,311078.0,69475.0,221676.0,-152201.0,-48.926957226161925,22.33362693600962,71.26058416217155,Democrat
135,101164.0,21262.0,10487.0,0.0,132913.0,21262.0,101164.0,-79902.0,-60.116015739619144,15.996930322842761,76.1129460624619,Democrat
136,0.0,0.0,0.0,0.0,0.0,0.0,0.0,0.0,0.0,0.0,0.0,Competitive
137,102512.0,44349.0,12162.0,0.0,159023.0,44349.0,102512.0,-58163.0,-36.575212390660475,27.88841865642077,64.46363104708124,Democrat
138,97900.0,90493.0,26547.0,0.0,214940.0,90493.0,97900.0,-7407.0,-3.446077975248907,42.10151670233554,45.54759467758444,Democrat
139,156461.0,35633.0,7328.0,0.0,199422.0,35633.0,156461.0,-120828.0,-60.589102506243044,17.868138921483087,78.45724142772613,Democrat
140,122648.0,73941.0,14321.0,0.0,210910.0,73941.0,122648.0,-48707.0,-23.09373666492817,35.0580816461998,58.15181831112797,Democrat
141,192715.0,127962.0,19331.0,0.0,340008.0,127962.0,192715.0,-64753.0,-19.04455189289664,37.63499682360415,56.67954871650078,Democrat
142,180156.0,121795.0,23132.0,0.0,325083.0,121795.0,180156.0,-58361.0,-17.952645939652335,37.465816422267544,55.41846236191987,Democrat
143,153264.0,65900.0,15219.0,0.0,234383.0,65900.0,153264.0,-87364.0,-37.27403437962651,28.116373627780174,65.39040800740668,Democrat
144,128758.0,106391.0,19493.0,0.0,254642.0,106391.0,128758.0,-22367.0,-8.783704180771435,41.780617494364634,50.56432167513607,Democrat
145,187190.0,80775.0,5396.0,0.0,273361.0,80775.0,187190.0,-106415.0,-38.92837676186435,29.548838349289035,68.47721511115338,Democrat
146,183926.0,57114.0,16701.0,0.0,257741.0,57114.0,183926.0,-126812.0,-49.20133001734299,22.159454646331007,71.360784663674,Democrat
147,193068.0,72690.0,7771.0,0.0,273529.0,72690.0,193068.0,-120378.0,-44.00922754077264,26.574878714871186,70.58410625564383,Democrat
148,121784.0,33239.0,15634.0,0.0,170657.0,33239.0,121784.0,-88545.0,-51.88477472356833,19.47707975647058,71.36185448003891,Democrat
149,87010.0,29928.0,12282.0,0.0,129220.0,29928.0,87010.0,-57082.0,-44.17427642779755,23.160501470360625,67.33477789815818,Democrat
150,54421.0,92044.0,27391.0,0.0,173856.0,92044.0,54421.0,37623.0,21.64032302595251,52.94266519418369,31.302342168231178,Republican
