district,Democrat,Republican,Swing,Unknown,total_voters,republican_voters,democrat_voters,swing_voters,net_advantage,net_advantage_pct,rep_pct,dem_pct,known_voters_Republican,modeled_voters_Republican,known_voters_Democrat,modeled_voters_Democrat
22,20301.0,197983.0,8769.0,0,227053.0,197983.0,20301.0,8769.0,177682.0,78.25573764715728,87.19682188740074,8.941084240243468,10544.0,187439.0,1891.0,18410.0
9,15678.0,179691.0,7250.0,0,202619.0,179691.0,15678.0,7250.0,164013.0,80.94650551034206,88.68418065433153,7.737675143989459,13638.0,166053.0,2049.0,13629.0
73,9214.0,161339.0,14190.0,0,184743.0,161339.0,9214.0,14190.0,152125.0,82.344121292823,87.33159037148904,4.987469078666039,9122.0,152217.0,2424.0,6790.0
14,87078.0,234460.0,14925.0,0,336463.0,234460.0,87078.0,14925.0,147382.0,43.803330529657046,69.68373937104526,25.88040884138821,12891.0,221569.0,3920.0,83158.0
33,74431.0,211234.0,12344.0,0,298009.0,211234.0,74431.0,12344.0,136803.0,45.9056605672983,70.8817518933992,24.97609132610089,12008.0,199226.0,6533.0,67898.0
2,638.0,119177.0,747.0,0,120562.0,119177.0,638.0,747.0,118539.0,98.322025182064,98.85121348351885,0.5291883014548531,5720.0,113457.0,542.0,96.0
24,13893.0,131245.0,2996.0,0,148134.0,131245.0,13893.0,2996.0,117352.0,79.22016552580772,88.59883618885604,9.37867066304832,5818.0,125427.0,1522.0,12371.0
82,5718.0,119607.0,642.0,0,125967.0,119607.0,5718.0,642.0,113889.0,90.41177451237229,94.95105861058849,4.539284098216199,6642.0,112965.0,416.0,5302.0
1,7072.0,117325.0,2294.0,0,126691.0,117325.0,7072.0,2294.0,110253.0,87.02512412089256,92.60720966761649,5.582085546723919,6043.0,111282.0,670.0,6402.0
89,32942.0,141745.0,35981.0,0,210668.0,141745.0,32942.0,35981.0,108803.0,51.646666793248144,67.28359314181556,15.636926348567414,7530.0,134215.0,2595.0,30347.0
44,6474.0,112777.0,13554.0,0,132805.0,112777.0,6474.0,13554.0,106303.0,80.04442603817627,84.91924249839991,4.874816460223636,4731.0,108046.0,1219.0,5255.0
21,2984.0,108441.0,4726.0,0,116151.0,108441.0,2984.0,4726.0,105457.0,90.79301943160196,93.36208900482991,2.5690695732279534,6306.0,102135.0,635.0,2349.0
23,22627.0,123578.0,10653.0,0,156858.0,123578.0,22627.0,10653.0,100951.0,64.35820933583241,78.78335819658545,14.425148860753037,6632.0,116946.0,1618.0,21009.0
86,348.0,101131.0,226.0,0,101705.0,101131.0,348.0,226.0,100783.0,99.09345656555725,99.43562263408879,0.3421660685315373,6029.0,95102.0,348.0,0.0
98,13229.0,112051.0,14267.0,0,139547.0,112051.0,13229.0,14267.0,98822.0,70.81628411932897,80.29624427612202,9.479960156793052,6745.0,105306.0,1643.0,11586.0
71,311.0,97763.0,209.0,0,98283.0,97763.0,311.0,209.0,97452.0,99.15448246390525,99.47091562121628,0.3164331573110304,4141.0,93622.0,311.0,0.0
81,6850.0,98881.0,949.0,0,106680.0,98881.0,6850.0,949.0,92031.0,86.26827896512937,92.68935133108361,6.421072365954256,4023.0,94858.0,362.0,6488.0
72,1847.0,87506.0,1612.0,0,90965.0,87506.0,1847.0,1612.0,85659.0,94.16698730280876,96.19743857527621,2.0304512724674324,3976.0,83530.0,383.0,1464.0
67,59220.0,142339.0,33619.0,0,235178.0,142339.0,59220.0,33619.0,83119.0,35.34301677878033,60.523943566149896,25.180926787369568,7766.0,134573.0,3612.0,55608.0
91,12110.0,90153.0,14611.0,0,116874.0,90153.0,12110.0,14611.0,78043.0,66.77533069801666,77.136916679501,10.361585981484334,3840.0,86313.0,1069.0,11041.0
30,3066.0,81026.0,3433.0,0,87525.0,81026.0,3066.0,3433.0,77960.0,89.07169380177092,92.5746929448729,3.502999143101971,5343.0,75683.0,634.0,2432.0
25,16743.0,91383.0,3569.0,0,111695.0,91383.0,16743.0,3569.0,74640.0,66.82483548950266,81.81476341823716,14.9899279287345,5207.0,86176.0,1678.0,15065.0
29,4165.0,74854.0,1142.0,0,80161.0,74854.0,4165.0,1142.0,70689.0,88.18378014246329,93.37957360811367,5.195793465650379,4464.0,70390.0,692.0,3473.0
130,76603.0,147166.0,25825.0,0,249594.0,147166.0,76603.0,25825.0,70563.0,28.271112286353038,58.96215453897129,30.69104225261825,6205.0,140961.0,3039.0,73564.0
85,18612.0,87588.0,5159.0,0,111359.0,87588.0,18612.0,5159.0,68976.0,61.9402113883925,78.65372354277606,16.71351215438357,5841.0,81747.0,1046.0,17566.0
66,40089.0,108465.0,27103.0,0,175657.0,108465.0,40089.0,27103.0,68376.0,38.92586119539785,61.74817969110254,22.822318495704696,5428.0,103037.0,2316.0,37773.0
8,800.0,67775.0,318.0,0,68893.0,67775.0,800.0,318.0,66975.0,97.21597259518383,98.37719361909048,1.1612210239066378,3872.0,63903.0,328.0,472.0
65,30811.0,97652.0,23478.0,0,151941.0,97652.0,30811.0,23478.0,66841.0,43.99141772135236,64.2696836271974,20.278265905845032,4378.0,93274.0,1541.0,29270.0
28,29284.0,91716.0,25300.0,0,146300.0,91716.0,29284.0,25300.0,62432.0,42.67395762132604,62.69036226930964,20.016404647983595,5050.0,86666.0,1871.0,27413.0
19,4834.0,66389.0,270.0,0,71493.0,66389.0,4834.0,270.0,61555.0,86.09933839676611,92.86083952275048,6.7615011259843625,5081.0,61308.0,973.0,3861.0
87,2113.0,63313.0,3182.0,0,68608.0,63313.0,2113.0,3182.0,61200.0,89.20242537313433,92.2822411380597,3.0798157649253732,3146.0,60167.0,338.0,1775.0
99,21410.0,81623.0,22494.0,0,125527.0,81623.0,21410.0,22494.0,60213.0,47.968166211253354,65.0242577294128,17.056091518159437,3791.0,77832.0,1289.0,20121.0
106,34894.0,95064.0,22107.0,0,152065.0,95064.0,34894.0,22107.0,60170.0,39.56860553052971,62.51537171604248,22.946766185512775,3968.0,91096.0,1304.0,33590.0
128,62068.0,121731.0,21812.0,0,205611.0,121731.0,62068.0,21812.0,59663.0,29.017416383364704,59.204517268044995,30.187100884680294,5393.0,116338.0,2457.0,59611.0
68,166.0,57486.0,88.0,0,57740.0,57486.0,166.0,88.0,57320.0,99.27260131624523,99.56009698649116,0.28749567024593004,3878.0,53608.0,166.0,0.0
18,212.0,57436.0,207.0,0,57855.0,57436.0,212.0,207.0,57224.0,98.90934232132055,99.27577564601158,0.36643332469103795,3152.0,54284.0,212.0,0.0
26,23618.0,78644.0,25456.0,0,127718.0,78644.0,23618.0,25456.0,55026.0,43.08398189761819,61.576285253449,18.492303355830813,4351.0,74293.0,1509.0,22109.0
57,30881.0,85834.0,18485.0,0,135200.0,85834.0,30881.0,18485.0,54953.0,40.6457100591716,63.48668639053254,22.840976331360945,3964.0,81870.0,1305.0,29576.0
61,44428.0,98857.0,25154.0,0,168439.0,98857.0,44428.0,25154.0,54429.0,32.313775313318175,58.69008958732835,26.376314274010177,4566.0,94291.0,2062.0,42366.0
49,336.0,54537.0,159.0,0,55032.0,54537.0,336.0,159.0,54201.0,98.48996947230702,99.10052333187963,0.6105538595726123,3534.0,51003.0,336.0,0.0
12,32922.0,84995.0,3024.0,0,120941.0,84995.0,32922.0,3024.0,52073.0,43.056531697273876,70.27806947189126,27.221537774617378,5813.0,79182.0,2278.0,30644.0
5,614.0,50420.0,100.0,0,51134.0,50420.0,614.0,100.0,49806.0,97.40290217858958,98.60366879180194,1.200766613212344,3185.0,47235.0,193.0,421.0
16,160.0,48328.0,70.0,0,48558.0,48328.0,160.0,70.0,48168.0,99.19683677251946,99.52633963507557,0.3295028625561185,2276.0,46052.0,160.0,0.0
93,29733.0,77748.0,31182.0,0,138663.0,77748.0,29733.0,31182.0,48015.0,34.62711754397352,56.06975184439973,21.442634300426214,2468.0,75280.0,984.0,28749.0
69,205.0,44959.0,328.0,0,45492.0,44959.0,205.0,328.0,44754.0,98.37773674492219,98.82836542688824,0.45062868196606,3401.0,41558.0,148.0,57.0
97,33753.0,78042.0,22693.0,0,134488.0,78042.0,33753.0,22693.0,44289.0,32.93156266730117,58.02896912735709,25.097406460055915,4749.0,73293.0,2210.0,31543.0
122,52095.0,94254.0,24659.0,0,171008.0,94254.0,52095.0,24659.0,42159.0,24.65323259730539,55.116719685628745,30.463487088323355,5913.0,88341.0,2818.0,49277.0
63,37195.0,79122.0,15416.0,0,131733.0,79122.0,37195.0,15416.0,41927.0,31.82725664791662,60.06239894331716,28.235142295400546,3563.0,75559.0,1518.0,35677.0
64,38070.0,79613.0,7990.0,0,125673.0,79613.0,38070.0,7990.0,41543.0,33.056424212042366,63.34932722223549,30.292903010193122,5308.0,74305.0,1421.0,36649.0
126,50867.0,91936.0,22911.0,0,165714.0,91936.0,50867.0,22911.0,41069.0,24.783059970793055,55.47871634261439,30.69565637182133,4561.0,87375.0,2198.0,48669.0
150,54421.0,92044.0,27391.0,0,173856.0,92044.0,54421.0,27391.0,37623.0,21.64032302595251,52.94266519418369,31.302342168231178,3902.0,88142.0,2097.0,52324.0
62,357.0,35877.0,275.0,0,36509.0,35877.0,357.0,275.0,35520.0,97.29107891204909,98.26891999233067,0.9778410802815743,3028.0,32849.0,251.0,106.0
3,180.0,33377.0,540.0,0,34097.0,33377.0,180.0,540.0,33197.0,97.36047159574156,97.88837727659325,0.5279056808516879,1338.0,32039.0,155.0,25.0
7,505.0,33366.0,214.0,0,34085.0,33366.0,505.0,214.0,32861.0,96.40897755610972,97.89056769840106,1.4815901422913305,1994.0,31372.0,203.0,302.0
37,11503.0,42632.0,275.0,0,54410.0,42632.0,11503.0,275.0,31129.0,57.21190957544569,78.353243888991,21.141334313545304,2674.0,39958.0,680.0,10823.0
78,30952.0,60214.0,11656.0,0,102822.0,60214.0,30952.0,11656.0,29262.0,28.45889012079127,58.56139736632239,30.10250724553111,3908.0,56306.0,1032.0,29920.0
32,60282.0,89415.0,3683.0,0,153380.0,89415.0,60282.0,3683.0,29133.0,18.99400182553136,58.2963880558091,39.30238623027774,4557.0,84858.0,1684.0,58598.0
70,81521.0,110573.0,26280.0,0,218374.0,110573.0,81521.0,26280.0,29052.0,13.303781585719912,50.63469094306099,37.33090935734108,8737.0,101836.0,4035.0,77486.0
46,239.0,28804.0,168.0,0,29211.0,28804.0,239.0,168.0,28565.0,97.78850433056041,98.60668926089487,0.818184930334463,1613.0,27191.0,211.0,28.0
88,42.0,27221.0,41.0,0,27304.0,27221.0,42.0,41.0,27179.0,99.54219162027542,99.69601523586287,0.15382361558745972,1882.0,25339.0,42.0,0.0
31,8548.0,35174.0,129.0,0,43851.0,35174.0,8548.0,129.0,26626.0,60.71925383685662,80.21253791247635,19.493284075619712,2956.0,32218.0,1246.0,7302.0
54,259.0,26114.0,22.0,0,26395.0,26114.0,259.0,22.0,25855.0,97.95415798446675,98.9354044326577,0.9812464481909453,1515.0,24599.0,149.0,110.0
94,34863.0,60691.0,25332.0,0,120886.0,60691.0,34863.0,25332.0,25828.0,21.3655841040319,50.205151961352016,28.83956785732012,4877.0,55814.0,2217.0,32646.0
121,49812.0,71783.0,35255.0,0,156850.0,71783.0,49812.0,35255.0,21971.0,14.007650621613005,45.76538093720115,31.75773031558814,5522.0,66261.0,3303.0,46509.0
80,167.0,17819.0,83.0,0,18069.0,17819.0,167.0,83.0,17652.0,97.69217997675577,98.61641485417012,0.9242348774143561,1221.0,16598.0,135.0,32.0
4,20964.0,38426.0,1762.0,0,61152.0,38426.0,20964.0,1762.0,17462.0,28.55507587650445,62.83686551543695,34.281789638932494,1799.0,36627.0,1633.0,19331.0
127,70533.0,87685.0,21940.0,0,180158.0,87685.0,70533.0,21940.0,17152.0,9.520531977486428,48.671166420586374,39.150634443099946,5527.0,82158.0,2794.0,67739.0
43,8001.0,24979.0,781.0,0,33761.0,24979.0,8001.0,781.0,16978.0,50.28879476318829,73.9877373300554,23.698942566867096,1610.0,23369.0,958.0,7043.0
11,41.0,16313.0,36.0,0,16390.0,16313.0,41.0,36.0,16272.0,99.28004881025015,99.53020134228187,0.25015253203172666,1089.0,15224.0,41.0,0.0
13,154.0,15790.0,1856.0,0,17800.0,15790.0,154.0,1856.0,15636.0,87.84269662921348,88.70786516853933,0.8651685393258427,1100.0,14690.0,154.0,0.0
38,79.0,15596.0,46.0,0,15721.0,15596.0,79.0,46.0,15517.0,98.7023726226067,99.20488518542078,0.5025125628140703,1080.0,14516.0,79.0,0.0
55,96.0,13851.0,31.0,0,13978.0,13851.0,96.0,31.0,13755.0,98.40463585634569,99.09142938903992,0.6867935326942338,923.0,12928.0,96.0,0.0
17,353.0,13734.0,360.0,0,14447.0,13734.0,353.0,360.0,13381.0,92.62130546134145,95.06471931888973,2.44341385754828,969.0,12765.0,9.0,344.0
96,47573.0,59951.0,23488.0,0,131012.0,59951.0,47573.0,23488.0,12378.0,9.447989497145299,45.759930388056056,36.311940890910755,3681.0,56270.0,2177.0,45396.0
53,48.0,11996.0,27.0,0,12071.0,11996.0,48.0,27.0,11948.0,98.98102891226908,99.37867616601773,0.3976472537486538,838.0,11158.0,48.0,0.0
51,66.0,10625.0,23.0,0,10714.0,10625.0,66.0,23.0,10559.0,98.55329475452679,99.16931118163151,0.6160164271047228,596.0,10029.0,66.0,0.0
133,118794.0,128450.0,21839.0,0,269083.0,128450.0,118794.0,21839.0,9656.0,3.5884838507077745,47.73620035453745,44.14771650382968,8581.0,119869.0,5186.0,113608.0
6,16.0,7119.0,15.0,0,7150.0,7119.0,16.0,15.0,7103.0,99.34265734265735,99.56643356643356,0.22377622377622378,765.0,6354.0,16.0,0.0
15,45.0,6012.0,8.0,0,6065.0,6012.0,45.0,8.0,5967.0,98.38417147568012,99.12613355317394,0.741962077493817,360.0,5652.0,45.0,0.0
60,49.0,4791.0,58.0,0,4898.0,4791.0,49.0,58.0,4742.0,96.81502654144549,97.81543487137607,1.000408329930584,639.0,4152.0,49.0,0.0
129,110286.0,114395.0,23223.0,0,247904.0,114395.0,110286.0,23223.0,4109.0,1.657496450238802,46.144878662708145,44.48738221246934,6662.0,107733.0,4485.0,105801.0
56,24.0,3371.0,18.0,0,3413.0,3371.0,24.0,18.0,3347.0,98.06621740404337,98.76941107530031,0.7031936712569586,348.0,3023.0,24.0,0.0
83,2101.0,5115.0,16.0,0,7232.0,5115.0,2101.0,16.0,3014.0,41.67588495575221,70.72732300884957,29.051438053097346,375.0,4740.0,169.0,1932.0
77,28242.0,30466.0,8423.0,0,67131.0,30466.0,28242.0,8423.0,2224.0,3.3129254740730807,45.38290804546335,42.06998257139027,1771.0,28695.0,768.0,27474.0
74,9103.0,7988.0,2215.0,0,19306.0,7988.0,9103.0,2215.0,-1115.0,-5.7754066093442455,41.37573811250388,47.151144721848134,541.0,7447.0,585.0,8518.0
75,4050.0,1158.0,1381.0,0,6589.0,1158.0,4050.0,1381.0,-2892.0,-43.89133404158446,17.57474578843527,61.46607983001972,109.0,1049.0,86.0,3964.0
84,5607.0,1370.0,39.0,0,7016.0,1370.0,5607.0,39.0,-4237.0,-60.390535917901936,19.52679589509692,79.91733181299885,128.0,1242.0,406.0,5201.0
138,97900.0,90493.0,26547.0,0,214940.0,90493.0,97900.0,26547.0,-7407.0,-3.446077975248907,42.10151670233554,45.54759467758444,6278.0,84215.0,3853.0,94047.0
35,146819.0,133965.0,4596.0,0,285380.0,133965.0,146819.0,4596.0,-12854.0,-4.504169878758147,46.94267292732497,51.44684280608311,7251.0,126714.0,4464.0,142355.0
132,82422.0,69060.0,33200.0,0,184682.0,69060.0,82422.0,33200.0,-13362.0,-7.23513932056183,37.394006995809015,44.62914631637084,3926.0,65134.0,2197.0,80225.0
79,44204.0,24723.0,15479.0,0,84406.0,24723.0,44204.0,15479.0,-19481.0,-23.080112788190412,29.290571760301397,52.37068454849181,1431.0,23292.0,1211.0,42993.0
34,190989.0,168949.0,21425.0,0,381363.0,168949.0,190989.0,21425.0,-22040.0,-5.779270668628053,44.30136117032853,50.08063183895658,8103.0,160846.0,5302.0,185687.0
144,128758.0,106391.0,19493.0,0,254642.0,106391.0,128758.0,19493.0,-22367.0,-8.783704180771435,41.780617494364634,50.56432167513607,6768.0,99623.0,3996.0,124762.0
39,231236.0,194766.0,6689.0,0,432691.0,194766.0,231236.0,6689.0,-36470.0,-8.428647695468591,45.01272270511751,53.441370400586095,9952.0,184814.0,6049.0,225187.0
40,172232.0,132627.0,3743.0,0,308602.0,132627.0,172232.0,3743.0,-39605.0,-12.833682218520941,42.97671434404184,55.81039656256278,6567.0,126060.0,5974.0,166258.0
92,61474.0,21220.0,10988.0,0,93682.0,21220.0,61474.0,10988.0,-40254.0,-42.96876667876433,22.651096261821905,65.61986294058624,1758.0,19462.0,1300.0,60174.0
105,58605.0,16333.0,8358.0,0,83296.0,16333.0,58605.0,8358.0,-42272.0,-50.749135612754515,19.608384556281212,70.35752016903572,1326.0,15007.0,1051.0,57554.0
112,77565.0,31098.0,23160.0,0,131823.0,31098.0,77565.0,23160.0,-46467.0,-35.249539154775725,23.590723925263422,58.84026308003914,3936.0,27162.0,3296.0,74269.0
140,122648.0,73941.0,14321.0,0,210910.0,73941.0,122648.0,14321.0,-48707.0,-23.09373666492817,35.0580816461998,58.15181831112797,5228.0,68713.0,3352.0,119296.0
108,89140.0,40041.0,17895.0,0,147076.0,40041.0,89140.0,17895.0,-49099.0,-33.38342081644864,27.224700155021893,60.608120971470534,5170.0,34871.0,4749.0,84391.0
107,66672.0,10154.0,6981.0,0,83807.0,10154.0,66672.0,6981.0,-56518.0,-67.43828081186535,12.115933036619852,79.5542138484852,1077.0,9077.0,1291.0,65381.0
149,87010.0,29928.0,12282.0,0,129220.0,29928.0,87010.0,12282.0,-57082.0,-44.17427642779755,23.160501470360625,67.33477789815818,1976.0,27952.0,1471.0,85539.0
137,102512.0,44349.0,12162.0,0,159023.0,44349.0,102512.0,12162.0,-58163.0,-36.575212390660475,27.88841865642077,64.46363104708124,3037.0,41312.0,3017.0,99495.0
142,180156.0,121795.0,23132.0,0,325083.0,121795.0,180156.0,23132.0,-58361.0,-17.952645939652335,37.465816422267544,55.41846236191987,7185.0,114610.0,6123.0,174033.0
36,203438.0,144905.0,5437.0,0,353780.0,144905.0,203438.0,5437.0,-58533.0,-16.545027983492567,40.95907060885296,57.50409859234552,7283.0,137622.0,5279.0,198159.0
118,90404.0,31092.0,17821.0,0,139317.0,31092.0,90404.0,17821.0,-59312.0,-42.573411715727445,22.31744869613902,64.89086041186646,2066.0,29026.0,1936.0,88468.0
141,192715.0,127962.0,19331.0,0,340008.0,127962.0,192715.0,19331.0,-64753.0,-19.04455189289664,37.63499682360415,56.67954871650078,8600.0,119362.0,7176.0,185539.0
41,238206.0,170001.0,6722.0,0,414929.0,170001.0,238206.0,6722.0,-68205.0,-16.437752000944737,40.97110590004555,57.408857900990284,10012.0,159989.0,6909.0,231297.0
76,90394.0,22181.0,11134.0,0,123709.0,22181.0,90394.0,11134.0,-68213.0,-55.139884729486134,17.929980842137596,73.06986557162372,2448.0,19733.0,2205.0,88189.0
104,77691.0,8120.0,3472.0,0,89283.0,8120.0,77691.0,3472.0,-69571.0,-77.9218888254203,9.094676478164935,87.01656530358522,667.0,7453.0,1453.0,76238.0
115,86153.0,15868.0,11546.0,0,113567.0,15868.0,86153.0,11546.0,-70285.0,-61.88857678727096,13.972368733875157,75.8609455211461,2179.0,13689.0,2069.0,84084.0
102,79373.0,6637.0,7802.0,0,93812.0,6637.0,79373.0,7802.0,-72736.0,-77.53379098622779,7.07478787361958,84.60857885984736,1514.0,5123.0,2181.0,77192.0
90,82172.0,7845.0,4662.0,0,94679.0,7845.0,82172.0,4662.0,-74327.0,-78.504208958692,8.285892330928716,86.79010128962071,928.0,6917.0,1697.0,80475.0
113,86711.0,9815.0,10967.0,0,107493.0,9815.0,86711.0,10967.0,-76896.0,-71.5358209371773,9.130827123626654,80.66664806080396,1785.0,8030.0,2312.0,84399.0
135,101164.0,21262.0,10487.0,0,132913.0,21262.0,101164.0,10487.0,-79902.0,-60.116015739619144,15.996930322842761,76.1129460624619,1921.0,19341.0,1333.0,99831.0
110,85812.0,1072.0,577.0,0,87461.0,1072.0,85812.0,577.0,-84740.0,-96.88889905214896,1.2256891643132368,98.1145882164622,183.0,889.0,2311.0,83501.0
103,88438.0,3421.0,2595.0,0,94454.0,3421.0,88438.0,2595.0,-85017.0,-90.00889321786266,3.621868846210854,93.63076206407351,681.0,2740.0,2242.0,86196.0
143,153264.0,65900.0,15219.0,0,234383.0,65900.0,153264.0,15219.0,-87364.0,-37.27403437962651,28.116373627780174,65.39040800740668,5691.0,60209.0,4886.0,148378.0
123,103077.0,15684.0,11278.0,0,130039.0,15684.0,103077.0,11278.0,-87393.0,-67.20522304847007,12.060997085489737,79.2662201339598,2489.0,13195.0,3760.0,99317.0
148,121784.0,33239.0,15634.0,0,170657.0,33239.0,121784.0,15634.0,-88545.0,-51.88477472356833,19.47707975647058,71.36185448003891,3063.0,30176.0,3348.0,118436.0
100,89473.0,413.0,368.0,0,90254.0,413.0,89473.0,368.0,-89060.0,-98.67706694440136,0.4575974472045561,99.13466439160591,251.0,162.0,2808.0,86665.0
116,103352.0,9602.0,12414.0,0,125368.0,9602.0,103352.0,12414.0,-93750.0,-74.77984812711378,7.659051751643163,82.43889987875694,1588.0,8014.0,2893.0,100459.0
120,103902.0,9413.0,7606.0,0,120921.0,9413.0,103902.0,7606.0,-94489.0,-78.14110038785654,7.784421233698034,85.92552162155457,1290.0,8123.0,2230.0,101672.0
95,99974.0,5035.0,2467.0,0,107476.0,5035.0,99974.0,2467.0,-94939.0,-88.33507015519744,4.684766831664744,93.01983698686217,864.0,4171.0,3372.0,96602.0
119,113513.0,16684.0,9832.0,0,140029.0,16684.0,113513.0,9832.0,-96829.0,-69.14924765584271,11.914674817359261,81.06392247320198,1929.0,14755.0,2863.0,110650.0
124,101644.0,3128.0,3279.0,0,108051.0,3128.0,101644.0,3279.0,-98516.0,-91.17546343856142,2.894929246374397,94.07039268493583,897.0,2231.0,1753.0,99891.0
131,145665.0,46733.0,11578.0,0,203976.0,46733.0,145665.0,11578.0,-98932.0,-48.50178452366945,22.911028748480213,71.41281327214966,3135.0,43598.0,5000.0,140665.0
101,103007.0,3860.0,2871.0,0,109738.0,3860.0,103007.0,2871.0,-99147.0,-90.34883085166487,3.5174688804242833,93.86629973208915,1033.0,2827.0,2269.0,100738.0
125,111998.0,12051.0,16544.0,0,140593.0,12051.0,111998.0,16544.0,-99947.0,-71.0895990554295,8.571550503936896,79.6611495593664,2579.0,9472.0,3097.0,108901.0
111,108392.0,2254.0,1747.0,0,112393.0,2254.0,108392.0,1747.0,-106138.0,-94.43470678778928,2.0054629736727376,96.44016976146202,957.0,1297.0,6395.0,101997.0
145,187190.0,80775.0,5396.0,0,273361.0,80775.0,187190.0,5396.0,-106415.0,-38.92837676186435,29.548838349289035,68.47721511115338,5403.0,75372.0,6851.0,180339.0
109,111287.0,2700.0,2818.0,0,116805.0,2700.0,111287.0,2818.0,-108587.0,-92.96434227986816,2.3115448824964684,95.27588716236463,834.0,1866.0,5653.0,105634.0
114,116777.0,1734.0,1747.0,0,120258.0,1734.0,116777.0,1747.0,-115043.0,-95.66349016281661,1.441899915182358,97.10539007799896,1199.0,535.0,3753.0,113024.0
117,121335.0,5670.0,6450.0,0,133455.0,5670.0,121335.0,6450.0,-115665.0,-86.66966393166236,4.248623131392605,90.91828706305496,1007.0,4663.0,1611.0,119724.0
45,125676.0,9546.0,13528.0,0,148750.0,9546.0,125676.0,13528.0,-116130.0,-78.07058823529411,6.417478991596639,84.48806722689076,2307.0,7239.0,3201.0,122475.0
147,193068.0,72690.0,7771.0,0,273529.0,72690.0,193068.0,7771.0,-120378.0,-44.00922754077264,26.574878714871186,70.58410625564383,5387.0,67303.0,7254.0,185814.0
139,156461.0,35633.0,7328.0,0,199422.0,35633.0,156461.0,7328.0,-120828.0,-60.589102506243044,17.868138921483087,78.45724142772613,3099.0,32534.0,5769.0,150692.0
27,128023.0,4024.0,5833.0,0,137880.0,4024.0,128023.0,5833.0,-123999.0,-89.9325500435161,2.91847983753989,92.851029881056,1635.0,2389.0,5416.0,122607.0
146,183926.0,57114.0,16701.0,0,257741.0,57114.0,183926.0,16701.0,-126812.0,-49.20133001734299,22.159454646331007,71.360784663674,4338.0,52776.0,7000.0,176926.0
134,221676.0,69475.0,19927.0,0,311078.0,69475.0,221676.0,19927.0,-152201.0,-48.926957226161925,22.33362693600962,71.26058416217155,7255.0,62220.0,9552.0,212124.0
